,dAge,dMass,dSatXUVFrac,dSatXUVTime,dXUVBeta,dLRatioAge,dLXUVAge,dLbolAge,dRadiusAge,dTempAge
simulation_0,4.036806068898911,0.10384968543413063,-2.854341317139472,3.95890702766886,-1.1081480091697666,729.4844555990344,1.347527e-06,0.000983,0.127779,2855.173847
simulation_1,7.215851101051506,0.09764988078853197,-3.1086546866121694,8.947099798699085,-1.4859493083015094,1284.0758602944845,6.191223e-07,0.000795,0.121478,2780.026833
simulation_2,8.12833680007115,0.1037508246799182,-2.4619130491279115,8.856465047255064,-1.3067101274656254,289.66722781088566,3.390097e-06,0.000982,0.127686,2855.194698
simulation_3,5.107829357225528,0.10563230649622793,-2.9210752680786447,10.006798584552255,-1.2226542237683542,833.6917805239933,1.241466e-06,0.001035,0.129502,2872.074208
simulation_4,8.124659901165787,0.09247711661045244,-2.854666605652062,11.167504760518007,-1.3749901569369167,715.3168853802234,8.919124e-07,0.000638,0.115935,2698.190188
simulation_5,7.028519803740085,0.10241517157438428,-2.9520504786267727,11.341943602580256,-1.1383579734846725,895.3299475999365,1.053243e-06,0.000943,0.126435,2841.046554
simulation_6,8.165920484056121,0.10856587761230714,-3.067250336761928,11.4889890164345,-1.3063208668759287,1167.5649228902648,9.712522e-07,0.001134,0.132896,2901.270779
simulation_7,10.362025894785624,0.1089447775970826,-2.723614787996442,11.140046431964779,-1.7317669795148003,529.2360534844581,2.182391e-06,0.001155,0.13384,2905.737208
simulation_8,5.453663674115331,0.09175480543333173,-2.9380391208195915,2.893980973436334,-1.0960080877473382,1734.804847169061,3.539303e-07,0.000614,0.115109,2682.949395
simulation_9,7.4161738108129915,0.0924192981204705,-2.9464554281710047,6.224716389668112,-1.3602745531310645,1119.710030313156,5.680042e-07,0.000636,0.11587,2697.083076
simulation_10,8.882410345756576,0.09682093727137843,-2.9622059121684434,10.352399654328119,-1.0730859097672616,916.2116703263639,8.415086e-07,0.000771,0.120606,2768.820211
simulation_11,3.777744572274114,0.08902999397049151,-3.075341876152008,2.038082009319753,-1.7680409876840644,3546.046597078598,1.480522e-07,0.000525,0.111731,2619.565462
simulation_12,11.142067057791406,0.08174322107687035,-2.431899011329928,4.441677426218614,-1.2945316681956702,889.6439280921072,3.405857e-07,0.000303,0.10144,2394.889947
simulation_13,8.343498162203213,0.09663429450617483,-3.291744260577927,10.758179392992286,-1.2534241794058034,1956.4199767892794,3.905092e-07,0.000764,0.12041,2765.846768
simulation_14,10.453185095983134,0.10925629430214276,-2.824803210094436,9.613461718738543,-1.6621435138512244,767.3526334147191,1.51951e-06,0.001166,0.134182,2909.051954
simulation_15,9.234926178662828,0.10264159344597312,-3.4572714947847087,1.1616394878954206,-0.5341509894692211,8671.71545113871,1.097822e-07,0.000952,0.126649,2843.774399
simulation_16,9.016842063092298,0.09101474495407914,-2.4773752185346383,1.492338179593612,-1.2612253610550979,2900.0601076647313,2.041337e-07,0.000592,0.114239,2669.252443
simulation_17,7.815372486239303,0.07888948689305539,-2.6866293082109105,11.789871358144715,-1.2148519422065398,485.97277386131714,4.629889e-07,0.000225,0.096667,2274.359968
simulation_18,6.089918073848952,0.09885976029366383,-2.8768008007942263,5.089681050459348,-1.1752330019988413,929.6062380153978,8.950026e-07,0.000832,0.122763,2795.552346
simulation_19,7.144816589740142,0.09130346586426202,-3.5834551017244327,11.079691469880364,-0.7587462864468668,3832.3509081587626,1.568228e-07,0.000601,0.114582,2674.519837
simulation_20,7.603108276451405,0.08205083954295077,-3.0194478149909663,10.937765649780701,-0.8579885109854453,1044.784167812559,2.96712e-07,0.00031,0.101533,2408.325759
simulation_21,4.492252789700383,0.0935306264539486,-3.4838862318480515,9.485516553964782,-0.8642132895596834,3045.5743570833506,2.19663e-07,0.000669,0.117105,2716.41117
simulation_22,8.552213187320447,0.07379921160620381,-3.3486363185787638,11.067459536488538,-1.079498436526643,2241.732306257197,4.594661e-08,0.000103,0.090472,1928.672144
simulation_23,7.246974402594024,0.09697095809745987,-3.4781292152963466,7.410021294926414,-1.855630696506948,3008.4656281831503,2.576064e-07,0.000775,0.120764,2770.612289
simulation_24,9.642621060159136,0.1022115553515036,-3.2213424490507068,11.680841853527243,-1.60751778053233,1664.8873999574687,5.609989e-07,0.000934,0.126433,2834.89335
simulation_25,5.03396686642496,0.0700021469511022,-3.292012076329076,1.2870486960118253,-1.4738742652400416,14608.865433862959,3.463271e-09,5.059446e-05,0.090001,1627.085227
simulation_26,11.2199072873991,0.07207722183378046,-3.0087537573791927,8.680227557675183,-1.3111442022693909,1427.0472987726685,5.413206e-08,7.724901e-05,0.091,1795.963962
simulation_27,7.878512079365032,0.09106665688876532,-2.8561693274890207,10.786656208085823,-0.7762478952297087,717.6195940887023,8.263431e-07,0.000593,0.114301,2669.426486
simulation_28,5.555721422299521,0.08837630149337765,-2.9371649569548666,8.834446246029621,-1.0016298495828768,865.0308852212574,5.803261e-07,0.000502,0.110831,2602.378345
simulation_29,7.071059876410248,0.09933016647539517,-2.674246422376236,3.5254750441293496,-1.3479282193032789,1206.507849209595,7.020261e-07,0.000847,0.123269,2802.690776
simulation_30,6.503821895482753,0.08210469311183975,-2.9564646481419152,8.607138030511338,-1.0370611270296817,903.2093555063971,3.443277e-07,0.000311,0.101605,2410.05904
simulation_31,6.168403854296863,0.08076696715846006,-2.9879427264073937,7.911022676770434,-1.2214720980960958,971.1451952244627,2.883194e-07,0.00028,0.099886,2367.686909
simulation_32,10.558783118445916,0.07018371371143876,-3.275095400957293,2.905024571564105,-0.588701684019975,4025.812447673838,1.30193e-08,5.241326e-05,0.090092,1640.416331
simulation_33,4.5555818696211325,0.07137951569378144,-3.321587751638139,5.61480194748221,-1.3559279321511981,2096.95003493057,3.13479e-08,6.573498e-05,0.090734,1728.733354
simulation_34,6.348989389378975,0.10901216085529247,-3.0553906915173905,0.20845881843817604,-1.2170320273071606,72520.84737675244,1.584372e-08,0.001149,0.133512,2904.94977
simulation_35,6.377859314555444,0.10878651871544748,-2.612098781217914,2.0105055420249576,-0.9386374001916707,1208.5268566470884,9.432972e-07,0.00114,0.133197,2902.553394
simulation_36,7.054575217135294,0.07412457639742759,-2.5762993437902604,2.6874934029342024,-0.7116049537228197,750.4049777322487,1.452549e-07,0.000109,0.090445,1956.94599
simulation_37,7.034287624201107,0.07987150805415752,-3.3148545500227313,3.602383809916629,-1.6585686391099586,6271.00998580253,4.162009e-08,0.000261,0.098719,2336.094088
simulation_38,5.265635615023101,0.10478854341685524,-2.708458431572718,5.906429521572705,-1.0338765120753044,511.1528392492575,1.977882e-06,0.001011,0.12867,2864.192814
simulation_39,6.512199559029341,0.08203964717141425,-2.7642911982825047,0.20771963339289307,-0.8894962732038445,12452.059570652986,2.489548e-08,0.00031,0.101517,2407.982949
simulation_40,10.70564921867819,0.07755645634091403,-2.947470686557503,8.38272225729037,-1.1289412254682354,1168.0922180696996,1.600901e-07,0.000187,0.09509,2189.061776
simulation_41,4.696066721737951,0.1080422769262353,-2.6459343339304198,5.809466423461018,-0.7212270418519653,442.54989929203947,2.512711e-06,0.001112,0.132213,2894.963731
simulation_42,8.748690472744634,0.10183660719731064,-2.7712217577667357,10.951944983006198,-1.5129212739658755,590.214022543886,1.572311e-06,0.000928,0.125883,2834.926063
simulation_43,3.796119052913823,0.08764614547891156,-3.0699366161340786,6.405922245409648,-0.6099633404494813,1174.5210194940942,4.06123e-07,0.000477,0.109763,2581.344661
simulation_44,5.460518858089179,0.09235366084391887,-2.912612518996085,0.9444199450799362,-1.3509472173366095,8750.358896039239,7.233989e-08,0.000633,0.115795,2694.862833
simulation_45,6.982032511819992,0.09131081267584076,-2.883569601027536,10.070546475720358,-1.4314972323722328,764.258094544076,7.850751e-07,0.0006,0.11459,2674.625148
simulation_46,9.657198976947477,0.10842609699909396,-2.9663862169678685,10.220805959728212,-1.2627437734295794,925.4001989284584,1.227577e-06,0.001136,0.133269,2900.213933
simulation_47,8.976534199910482,0.10834389345529824,-2.8981432903864586,0.7026275823682148,-0.9976372863434116,10040.285978731714,1.121482e-07,0.001126,0.132602,2898.984226
simulation_48,7.981346938966082,0.08174122959842206,-2.753930264884238,10.84303405291083,-1.240377602708184,567.6565059899002,5.337735e-07,0.000303,0.101119,2398.474202
simulation_49,6.507609438083733,0.10899820188992994,-3.326614128202133,8.960405157080087,-1.313444955536779,2120.8245573748623,5.412989e-07,0.001148,0.133492,2904.770926
simulation_50,8.162483054736494,0.10371847181199542,-2.6719000929184804,2.784367043640545,-1.1135923811419222,1555.698526875604,6.305849e-07,0.000981,0.127656,2854.868776
simulation_51,7.522809040093856,0.10855060003431068,-2.3937342212149093,3.571275942932672,-1.7429379605154331,907.1511211282942,1.248965e-06,0.001133,0.132876,2901.115985
simulation_52,10.595570042163807,0.08439486692921902,-3.24031776917564,5.848421877437376,-0.4556113180784637,2282.0742756424133,1.61695e-07,0.000369,0.105153,2472.822434
simulation_53,5.250516129310018,0.10044316502898082,-2.8811583336565985,4.700626558963322,-1.0324540238017774,851.8668232120685,1.036547e-06,0.000883,0.124478,2816.953408
simulation_54,8.14084696173585,0.09325580237597587,-2.6297700394324948,7.263910515371302,-0.9352582190559666,474.0113605200091,1.396591e-06,0.000662,0.116804,2712.56625
simulation_55,6.592312722791315,0.106243680805711,-3.0188385319292768,2.23740157125317,-1.4730877911446891,5116.491282286007,2.058051e-07,0.001053,0.130136,2877.645197
simulation_56,3.2232924325276366,0.10473983633058236,-2.8993858100647807,9.760382686631267,-1.742340421777654,793.2475491644119,1.269465e-06,0.001007,0.128623,2862.601744
simulation_57,9.115853450739406,0.08390413113323962,-2.9227368695055818,9.03917045167598,-1.5377105998088456,846.6529850059878,4.240226e-07,0.000359,0.10417,2468.625631
simulation_58,7.102339395538518,0.10427836845420048,-2.8753038240926303,8.465797326214805,-1.2400193145833154,750.3966705291501,1.327298e-06,0.000996,0.128182,2860.24998
simulation_59,8.647170512669664,0.0709056163232216,-2.7514120063998844,3.7381562518115135,-0.7547501808873254,1061.833893094228,5.549691e-08,5.89285e-05,0.090448,1685.145405
simulation_60,8.021710086960466,0.08902833135490995,-2.94375566919656,8.512590211899496,-1.4162584567457506,878.984402037439,5.984179e-07,0.000526,0.111733,2620.533226
simulation_61,3.7328966457259263,0.09957060685410662,-2.8759995157380964,11.1441176680934,-1.4024041925849329,751.6478093828206,1.13484e-06,0.000853,0.12353,2804.112078
simulation_62,2.026487479003304,0.10717679492605024,-3.2738196008363207,1.4673350896929045,-0.6617966191794377,2320.183621050425,4.654804e-07,0.00108,0.131168,2885.540796
simulation_63,7.406008850292682,0.07341348985835965,-3.0325348266103065,6.329980494571448,-1.5914287100746916,1382.2098478249022,6.935826e-08,9.586767e-05,0.090596,1895.890144
simulation_64,10.310235565732388,0.10552108890106217,-2.5502221684908557,8.899907933005757,-1.375609888935773,434.79628096141545,2.385025e-06,0.001037,0.130073,2869.491774
simulation_65,8.815887291789334,0.10625049127107032,-3.2042456394202428,3.3989406377889138,-1.287676483698473,5457.367161430058,1.934999e-07,0.001056,0.130143,2878.765365
simulation_66,8.757663944890723,0.08768752089461304,-2.853427368952182,5.0370349520280895,-1.5436373552419405,1674.4686440048267,2.866581e-07,0.00048,0.109844,2584.493997
simulation_67,5.63588684355683,0.0909276037010774,-2.9255741229272063,3.9930893548524367,-0.5554914023956393,1020.4230382367089,5.762316e-07,0.000588,0.114135,2666.320616
simulation_68,7.946395088906714,0.09181593929150224,-2.8035697229276733,5.590340078884286,-1.895367151492044,1236.5698394403248,4.989609e-07,0.000617,0.11518,2685.171639
simulation_69,4.819046925446028,0.09958487770140834,-2.3925380094055706,2.7347035933200177,-0.9377136633581458,419.4245632508449,2.036123e-06,0.000854,0.123546,2805.315569
simulation_70,9.527498840856598,0.09398540908075427,-2.8688183602318937,3.4884743075403213,-1.291172540820532,2700.2214181562886,2.536829e-07,0.000685,0.1176,2725.831443
simulation_71,6.083509982207266,0.08821086186781653,-3.048654120389103,8.282728646984577,-1.7298007709576302,1117.449331783323,4.43868e-07,0.000496,0.110597,2598.409144
simulation_72,7.585410427687599,0.08858799935769783,-3.248874435971583,2.3892896815049953,-1.006475457248712,5673.801703628356,9.006307e-08,0.000511,0.111128,2608.793035
simulation_73,6.693659699130489,0.07953424230150186,-3.3437840144732656,4.420243229998476,-1.0370397625508985,3394.5079325407255,7.305919e-08,0.000248,0.097993,2315.11445
simulation_74,8.550597966307473,0.0804159904064784,-3.4129113601737964,9.788324272314249,-1.3973294196450359,2590.0491069529585,1.057895e-07,0.000274,0.09947,2356.839105
simulation_75,9.87509082378362,0.07811482365403005,-3.4834834957970617,5.507513994681236,-0.64762294765596,4451.24190745583,4.560525e-08,0.000203,0.095984,2223.751479
simulation_76,8.84841484767532,0.08156246176423057,-2.8679878629426923,6.045011365231242,-0.9730904864711344,1069.202046288224,2.796478e-07,0.000299,0.100885,2392.914921
simulation_77,6.529176786230421,0.10295601070145788,-2.7380976686690803,5.057243422384527,-1.5652016843660337,815.7085564340183,1.175665e-06,0.000959,0.126944,2846.050223
simulation_78,7.426979412560184,0.08284970125382063,-2.979278614850837,0.4903532630314856,-1.2962607272723716,32225.429574741513,1.024036e-08,0.00033,0.10264,2433.861181
simulation_79,9.38857951197227,0.1038517778929484,-3.436542758413468,0.24135473104076116,-0.8491430861777298,61115.79086994547,1.613331e-08,0.000986,0.127781,2856.11121
simulation_80,9.30620459810759,0.07512349419047366,-3.2873282576439036,7.625679513498068,-1.562959063057716,2640.219327655048,4.961709e-08,0.000131,0.091102,2043.831759
simulation_81,5.649579730753438,0.0748013962668743,-3.1028378706990782,3.927719760929105,-1.8281472908136047,2458.752444872391,5.043208e-08,0.000124,0.090771,2018.833787
simulation_82,6.882717327597407,0.09013146295617597,-2.6276457161995053,11.572071233525287,-1.3637664977465318,423.93053886785606,1.32333e-06,0.000561,0.113164,2648.141308
simulation_83,6.794760033411739,0.10819442908020514,-3.173980861869881,1.841015045863538,-1.022877611891555,5674.513364798629,1.970213e-07,0.001118,0.132407,2896.413749
simulation_84,5.1537658849707455,0.09256164223984507,-2.633590679303444,8.552279269868134,-1.6436746896840382,430.2807380121434,1.487401e-06,0.00064,0.11603,2698.795559
simulation_85,5.538185463654012,0.07583212964130266,-2.8192706261638683,2.026662610702694,-1.1058507332414895,2003.4793758493918,7.187496e-08,0.000144,0.0918,2084.235916
simulation_86,6.906385036850087,0.107900445574437,-2.7293604434595737,10.66041340952542,-1.496692630010215,536.1665400112463,2.064657e-06,0.001107,0.132035,2893.461599
simulation_87,6.9478689606970345,0.0745464117077285,-2.766482300270254,0.7208510936818915,-1.3920350929214511,13684.489709437692,8.622901e-09,0.000118,0.090574,1994.665099
simulation_88,4.260372929623607,0.07810393116379588,-2.735210234198105,1.1239145230677208,-1.1762393882201578,2601.7481926630962,7.687139e-08,0.0002,0.095217,2225.220889
simulation_89,4.357254420882541,0.07900796209738528,-3.1717337974680198,10.355202159702594,-1.631496727673189,1485.3463127088567,1.541728e-07,0.000229,0.096904,2281.789628
simulation_90,5.625177062332628,0.09458341533653032,-2.5999805272153957,6.201746188499843,-0.9270361076584129,398.0438018286201,1.763625e-06,0.000702,0.118243,2734.592753
simulation_91,8.094354833335107,0.0978229526926916,-2.5200635144001544,10.226685579172539,-0.6701197139724929,331.0748510577014,2.416372e-06,0.0008,0.121661,2782.38338
simulation_92,5.7528574890933575,0.07126734120326737,-3.1108839220593536,6.958152686531576,-1.2488554424436356,1290.873924593482,4.954638e-08,6.395813e-05,0.090669,1717.176335
simulation_93,9.515855914794157,0.09167124442680462,-3.0730304220700626,11.30984772697433,-1.955337672058926,1183.3364605846648,5.180268e-07,0.000613,0.115012,2683.098845
simulation_94,9.509753853247386,0.10097439403501762,-2.981724117919947,3.9109783526846367,-0.9129324613495576,2153.421493104157,4.188683e-07,0.000902,0.125029,2824.681712
simulation_95,11.429985090603132,0.07020952719265316,-2.8135632659351306,3.4676322966438096,-1.737432015111668,5163.944194214795,1.020396e-08,5.269268e-05,0.090105,1642.451019
simulation_96,6.4874012158817616,0.10732875336124624,-3.4314061022500466,1.789349538813349,-1.331541657004328,14987.856805354853,7.25921e-08,0.001088,0.131345,2887.907376
simulation_97,7.184362694250054,0.10349984100379163,-3.2646897922567737,9.599274964975796,-0.6670012828084334,1839.3350293991457,5.295392e-07,0.000974,0.127452,2852.706199
simulation_98,5.4171186687834645,0.10983433267003828,-2.856934431561573,4.188563200374136,-0.9954103584652584,927.6285223833471,1.276373e-06,0.001184,0.134737,2914.075891
simulation_99,5.48833165195299,0.07356591179028099,-3.1219661897740787,7.996405572565711,-0.5984262425729047,1324.237794832968,7.43599e-08,9.847019e-05,0.090539,1909.186743
simulation_100,3.241952037102955,0.097199802073603,-2.9301408879037814,5.2360915607343115,-1.5889052047639245,851.167979475816,9.15213e-07,0.000779,0.121004,2772.036552
simulation_101,7.988842161646644,0.09699627525846573,-2.894791611496562,8.92444988396516,-0.7667007458080666,784.6240415690779,9.877342e-07,0.000775,0.120791,2770.954956
simulation_102,8.36210906780782,0.09424637910714848,-3.1724570977043665,10.403556660968604,-1.420144247704321,1487.852106212459,4.657721e-07,0.000693,0.117882,2729.52372
simulation_103,7.244243019120518,0.08091903722559451,-2.770536521450885,1.4249375281021652,-1.5241996017510908,7013.6012002148545,4.049275e-08,0.000284,0.100071,2372.516043
simulation_104,5.618407373700373,0.07962848880506987,-2.659420315146828,8.799685120602991,-1.0402489703746862,456.9192501718453,5.493312e-07,0.000251,0.098194,2320.087096
simulation_105,6.777443012231362,0.1098403942514478,-3.232805324221284,0.5371030329312829,-1.0297741236521163,23234.16426868113,5.095944e-08,0.001184,0.134747,2914.136144
simulation_106,6.897948246485232,0.09124450243748823,-3.085566618951525,3.5167979353156333,-1.3163766310953189,2952.673774479912,2.025283e-07,0.000598,0.114512,2673.1804
simulation_107,8.73496394484076,0.0897489821340629,-2.7227514147597303,4.318326816774482,-1.56222722042387,1586.062947666267,3.467706e-07,0.00055,0.112683,2639.792465
simulation_108,5.148972873760248,0.07055783781405799,-3.0928813635840156,8.606206242843143,-0.947380516282592,1238.4574993760018,4.443123e-08,5.502619e-05,0.090242,1658.960059
simulation_109,6.688491962099447,0.09208613381085247,-2.7652836849905724,2.7993114001050783,-1.6250309840450656,2389.865441016209,2.61521e-07,0.000625,0.115491,2690.433022
simulation_110,11.097729454524734,0.10672882681118467,-3.359469257311749,0.44631205138322894,-1.3173696557122119,157639.84608379152,6.832029e-09,0.001077,0.131402,2882.227389
simulation_111,9.559571248549089,0.098619752874309,-2.629369943229831,7.192094615285183,-0.9920490920404214,565.2289211304031,1.463124e-06,0.000827,0.122506,2793.31594
simulation_112,5.6680526389992565,0.09108906799449132,-3.2349491430944552,4.763404263821752,-1.6445974025598775,2282.134122523278,2.598445e-07,0.000593,0.114328,2669.932224
simulation_113,7.840018377913529,0.09099170772490324,-3.1691102356707708,9.86729072799565,-0.6228918575169213,1476.2038929819619,4.003512e-07,0.000591,0.114212,2667.788557
simulation_114,6.739272196588991,0.08659072679832971,-2.9647669247542634,3.96931070794423,-0.9164354028121886,1496.0934022619444,2.954361e-07,0.000442,0.108219,2551.522514
simulation_115,6.444043120649621,0.09011872791232356,-3.195155058221637,8.494221200653355,-1.0631949107110612,1567.0229106570687,3.580037e-07,0.000561,0.113148,2647.837781
simulation_116,7.757088480648378,0.1026471237119699,-2.958350985078429,3.452462847530747,-0.6321478195375758,1514.3639010077852,6.273261e-07,0.00095,0.126654,2843.90441
simulation_117,8.170758738984391,0.09166983472463644,-3.5003290333413615,7.223587434543923,-1.1079771131656355,3624.3087650921716,1.691357e-07,0.000613,0.115011,2682.186895
simulation_118,8.609195595397724,0.08752571315155591,-2.74832935618218,8.525620618971711,-1.254102734614519,566.1594324072526,8.3722e-07,0.000474,0.109608,2579.503387
simulation_119,3.955854214688405,0.07481049064802735,-2.7213565080023856,5.054077872265228,-1.4419827555087057,526.7395573882749,2.392074e-07,0.000126,0.091771,2024.640989
simulation_120,5.83094300675174,0.10437057392898537,-3.208675964102756,5.488529103912107,-1.0646935396858002,1724.8377849629715,5.791849e-07,0.000999,0.12827,2860.14621
simulation_121,5.650843193690196,0.10810560912079277,-3.0614845512871987,4.834798751297268,-0.8284243452537573,1310.2538893310636,8.502169e-07,0.001114,0.132294,2895.586549
simulation_122,9.258367940146526,0.08235804238849778,-3.188424238058471,11.471678335371578,-0.6664207505211104,1541.6201069923136,2.062765e-07,0.000318,0.101952,2419.157941
simulation_123,7.08658077711438,0.10990130639732557,-2.8811510404325986,9.809362928039882,-1.6475638462460929,760.7652773140051,1.560271e-06,0.001187,0.134843,2915.792499
simulation_124,10.10301475951371,0.0758435932723891,-2.334405009877305,0.5166080933473657,-0.8415885390080142,2639.016998703809,5.532363e-08,0.000146,0.09235,2085.972436
simulation_125,4.037390319579115,0.0817561668566501,-2.9443325062685166,4.043601350179296,-0.6450165421962291,878.8796205568198,3.436193e-07,0.000302,0.101079,2397.491285
simulation_126,7.011903132972872,0.09130133563612697,-2.9531253378326374,8.099668867867098,-1.4666457822479546,897.0523308933011,6.688573e-07,0.0006,0.114579,2674.440428
simulation_127,5.826211962951925,0.10148602297469013,-2.617007024000965,4.527329415531258,-0.9025118944004034,519.5365008422617,1.76311e-06,0.000916,0.125541,2829.862655
simulation_128,9.114180494072274,0.07207218940485581,-2.8915387024531625,10.94994509535196,-1.2397738680939476,779.0043159220147,9.894062e-08,7.707517e-05,0.091009,1794.888734
simulation_129,6.7455855333797725,0.09433413121695178,-3.0360162504270374,7.769797671748514,-0.9230057770550886,1085.8588940448933,6.391254e-07,0.000694,0.117976,2730.570834
simulation_130,7.725400509257947,0.0946710764069749,-2.8440799226188616,10.281289351791743,-0.8637772290864679,698.8327710996025,1.010256e-06,0.000706,0.118337,2736.418748
simulation_131,6.518720553949957,0.10311592259856914,-2.6381246278876427,3.946906590194232,-1.3233901399891044,842.6796688435162,1.142783e-06,0.000963,0.127093,2847.701043
simulation_132,7.392093778814161,0.07798866701700624,-2.6737907076419045,6.998227083507197,-1.0420036447577177,498.2491372790767,3.933775e-07,0.000196,0.094964,2216.825009
simulation_133,7.660950673778722,0.10675822265034887,-2.877863063562472,8.21353071600878,-1.171196409673383,754.7563391428195,1.419001e-06,0.001071,0.130693,2883.567231
simulation_134,11.035934830081835,0.09370636658100083,-2.916063934385643,6.6512076903840125,-1.387098485777727,1661.583013874218,3.960079e-07,0.000658,0.117077,2706.351251
simulation_135,7.740175542714323,0.1066384614204158,-3.2346119797060213,6.382895122101343,-1.2593678597640634,2187.886327514895,4.876853e-07,0.001067,0.130561,2882.439806
simulation_136,7.418162477293789,0.08140044976391468,-2.875066082021144,1.2955224546692174,-1.2973586742014322,7206.605061186519,4.093467e-08,0.000295,0.100675,2387.673646
simulation_137,10.919907253408391,0.10403244573568583,-3.0416679008811016,3.4099914154335487,-1.3657354769076178,5388.609166737951,1.835353e-07,0.000989,0.128435,2853.871058
simulation_138,6.53629117519654,0.10859305211100127,-2.8458338687425355,4.246027280728934,-1.0715401601459276,1111.6916175309448,1.018268e-06,0.001132,0.132933,2900.497905
simulation_139,7.1307053588148275,0.08091819525525933,-2.690908143974469,0.3669668469177591,-1.4526236994953772,36488.97904350566,7.783172e-09,0.000284,0.10007,2372.491164
simulation_140,5.030856753666738,0.09315723378797612,-3.0739473018334706,2.3012163684780327,-1.4708592252357695,3742.3021186662386,1.758276e-07,0.000658,0.116695,2709.797036
simulation_141,9.352223480563886,0.07842880444077804,-3.0026227096663063,9.01083854159778,-0.7370220359778936,1032.3478835393605,2.034198e-07,0.00021,0.095772,2245.950322
simulation_142,10.113941516028536,0.09409137551844904,-2.5814461401796662,11.609049239780052,-1.2846127175015367,381.55549354487835,1.75597e-06,0.00067,0.117501,2712.698483
simulation_143,2.9021974556754064,0.10276458616688676,-2.8143128654694056,7.9843378981843856,-1.0192912735676545,652.0004278110063,1.458588e-06,0.000951,0.126765,2843.052371
simulation_144,10.289890105948878,0.07234070051946716,-3.0039355281224607,8.05443422729669,-1.3496973869066402,1402.8281661911735,5.767695e-08,8.091085e-05,0.091,1816.470736
simulation_145,8.182071223868892,0.07882146995800733,-3.247196326841291,0.5183505414857853,-1.3505497948106098,73443.37104414408,3.036353e-09,0.000223,0.096532,2270.028058
simulation_146,5.576334032232534,0.0837690194025093,-3.058586960117355,8.0439016830211,-1.1342734988498826,1145.843621717965,3.098154e-07,0.000355,0.10397,2462.314907
simulation_147,4.950932753309406,0.07826752708397823,-3.175168999594456,6.381228740348903,-0.9349509379815104,1498.1098238734398,1.368391e-07,0.000205,0.09547,2234.694646
simulation_148,6.7705529526724435,0.07466427073534823,-2.216360095320785,3.4438028721261267,-1.6464077646422524,502.5344765646577,2.407795e-07,0.000121,0.090653,2005.349195
simulation_149,10.18097171366099,0.09648831206934996,-2.9161834382077854,10.750951446092062,-1.1847967789948397,824.3549643707145,9.037369e-07,0.000745,0.120137,2752.550736
simulation_150,5.293871952939101,0.09162203028369068,-2.8230022960054697,1.5339224094450383,-1.717501843233229,5577.188749438852,1.093741e-07,0.00061,0.114955,2680.197952
simulation_151,9.65776820458661,0.08685928342213603,-2.5713565677813817,4.35794405061671,-1.3830048203997425,1118.013396431109,3.953441e-07,0.000442,0.108603,2547.522161
simulation_152,9.760732840117925,0.08392480827590962,-3.141451560470426,1.4765455458087318,-0.9796620903779508,8812.249819361254,4.039831e-08,0.000356,0.104495,2458.823745
simulation_153,10.026634027173335,0.07627418798483455,-2.8887082436155893,7.432366269043912,-0.954516356904342,1027.7792144584002,1.508106e-07,0.000155,0.093039,2111.421676
simulation_154,7.190496985338696,0.10654853663729268,-3.377490893795175,10.89930680704555,-0.84556925613935,2386.0161050475576,4.455125e-07,0.001063,0.130464,2881.61516
simulation_155,5.376171906768239,0.08435342879774134,-2.5221639198033023,5.199805613174768,-1.0483188367284642,343.97715472481826,1.07856e-06,0.000371,0.104839,2480.746023
simulation_156,8.7096019982773,0.07587591966437839,-2.9502285526074448,10.008671713168315,-0.7359974659853543,893.093064608816,1.623571e-07,0.000145,0.091849,2086.056493
simulation_157,10.686659759101351,0.08683570591260857,-2.8359109975430474,1.2220490677377205,-1.3730825806312272,13458.946103619879,3.284061e-08,0.000442,0.10857,2546.796215
simulation_158,8.950593188561063,0.105969098060968,-2.573378197455141,11.615601694836329,-1.2674905027923449,374.2951132859393,2.797258e-06,0.001047,0.129848,2876.147329
simulation_159,10.193765575797801,0.07131015302725878,-3.1071695844204226,8.353556168747332,-1.117840271232669,1598.4148191991549,4.135932e-08,6.610935e-05,0.090655,1731.64807
simulation_160,6.244973030585568,0.09085631955640486,-2.743394200801112,10.648063851306393,-1.403426622151296,553.6071527936815,1.056706e-06,0.000585,0.114049,2664.74997
simulation_161,8.51464351571329,0.0711469184639658,-2.9021453233889902,4.741562304586718,-1.2472125787857598,1655.7421173443715,3.756158e-08,6.219229e-05,0.090597,1705.913446
simulation_162,9.404851098209988,0.10558715286107777,-2.8156179966573767,6.915773381535822,-0.7845472396752136,832.1412134000439,1.244981e-06,0.001036,0.129457,2872.593386
simulation_163,11.019181638003824,0.08892517584240488,-3.103020890131932,10.57577420861318,-1.35289194655067,1339.5937707851213,3.851914e-07,0.000516,0.111495,2611.878656
simulation_164,5.006530772794488,0.07376020500682867,-3.1637904711634386,2.7024015286136884,-0.7496338658974977,2312.1009925713556,4.411572e-08,0.000102,0.090481,1926.906754
simulation_165,4.0135256963999035,0.10147804113889243,-3.409632286985949,3.1864828841377664,-1.4115506622278882,3553.6312551588885,2.572017e-07,0.000914,0.125533,2829.826187
simulation_166,9.327406598544956,0.08561319369625703,-3.0251164989923995,9.009949923333343,-0.8028134076795407,1087.8910054971582,3.777952e-07,0.000411,0.106742,2522.615969
simulation_167,10.905110754037576,0.10534307206583432,-3.2575408301175472,8.976546769595174,-0.7283869530380099,2084.7078891533924,4.945537e-07,0.001031,0.129877,2867.619931
simulation_168,5.4868747104434314,0.0965529718387001,-3.004774919708796,8.512646483194128,-1.165715556469904,1011.6987962908626,7.531886e-07,0.000762,0.120325,2763.732105
simulation_169,6.307014898298903,0.08566128336657151,-2.6222657930031343,4.426093464186803,-1.0254237176492746,602.1058212672252,6.842651e-07,0.000412,0.106815,2523.108782
simulation_170,6.81285303359247,0.10591125553150273,-3.061921449159964,2.05591312451966,-1.0807296327164349,4207.329789710155,2.479007e-07,0.001043,0.129788,2874.535129
simulation_171,7.968560916734824,0.07584612677334195,-2.6793252082840118,5.782395113876272,-1.2966392487522518,722.4335173030353,1.993263e-07,0.000144,0.091815,2084.211653
simulation_172,8.840984612068832,0.09077457334577292,-2.8075244925712104,7.714365865795172,-1.6773336934179863,806.6874388682174,7.239483e-07,0.000584,0.113951,2663.99728
simulation_173,5.294786743772669,0.10852588275318062,-2.3063586731566104,11.891893539224641,-0.87326777358974,202.4635332717462,5.581252e-06,0.00113,0.132843,2899.864382
simulation_174,9.132542064221617,0.0996235512039812,-2.7265843318523864,5.290529732290778,-1.7020160339234809,1349.4600353247479,6.365509e-07,0.000859,0.123588,2806.8628
simulation_175,4.9008557033473865,0.10999071763505157,-2.8165494850333563,0.4855812653746837,-1.4933242588864957,20670.333177655004,5.761881e-08,0.001191,0.134986,2915.897917
simulation_176,5.684683921181513,0.09821267007062916,-3.4150108497770852,11.10142407606473,-1.2714817785857817,2600.0473900263205,3.12302e-07,0.000812,0.122073,2786.857086
simulation_177,7.041960826939447,0.09333597463306967,-2.860944199893052,11.93671302898689,-1.589650130989393,726.3608589146158,9.155229e-07,0.000665,0.116892,2713.915047
simulation_178,7.103310292698311,0.08231227725048622,-2.439161297063161,10.556223693364636,-0.5079043785019034,275.1313383273577,1.152177e-06,0.000317,0.101889,2416.671482
simulation_179,8.499293488940513,0.10030471215334326,-3.085130278543694,9.245461202091123,-1.3992340148151543,1217.0158991178084,7.239018e-07,0.000881,0.124331,2816.12553
simulation_180,8.772090119720126,0.08758837347892859,-2.967314812265144,8.712396666028077,-1.2951779286342575,934.9302308315241,5.091289e-07,0.000476,0.1097,2581.667454
simulation_181,6.456846562788143,0.10829880460295692,-2.910320498560219,0.8126265774363614,-0.7665443410981261,3979.263811346688,2.817104e-07,0.001121,0.132543,2897.4881
simulation_182,9.78868124812198,0.09655733576670353,-2.4236764047579835,8.96909012780152,-1.0976438813388032,291.5748908350635,2.561949e-06,0.000747,0.120213,2753.706599
simulation_183,10.461035167682363,0.07036463923089799,-3.144984780371133,1.0688548031215317,-0.9463179038743708,12090.952206120937,4.499572e-09,5.440411e-05,0.090182,1654.736107
simulation_184,6.619288725044669,0.09898881822867338,-2.8888904444668926,0.9553062360390692,-1.5276440231155004,14864.103687435638,5.624288e-08,0.000836,0.122901,2797.285545
simulation_185,7.270145630255105,0.08525348583948347,-3.313023117300603,8.937913452131149,-0.9971343141482256,2057.799471557096,1.943824e-07,0.0004,0.106196,2510.34051
simulation_186,5.696808300715069,0.09012085664167166,-3.0456548753295736,3.6966868918876736,-1.2235255590584115,1882.6141422913997,2.979899e-07,0.000561,0.113151,2647.939885
simulation_187,7.463950996308143,0.07466510757932984,-2.7398811033807675,8.847429762797264,-1.0627368462791311,551.0705798446619,2.195726e-07,0.000121,0.090653,2005.42186
simulation_188,7.625045867228048,0.09659718863206047,-3.016275770430293,7.037872834532036,-1.1972889675801135,1141.6317643552338,6.683416e-07,0.000763,0.120372,2765.32195
simulation_189,3.43502228787516,0.09824891990236267,-2.8028036395920117,7.642104866042564,-0.5722577309602199,634.825211719296,1.277517e-06,0.000811,0.122112,2786.295335
simulation_190,7.3947202447862495,0.09949687551906486,-2.8689193647774824,9.398103170538171,-1.3521200798068356,739.8181764566092,1.152986e-06,0.000853,0.12345,2805.113523
simulation_191,10.21380450272204,0.09244364450009007,-2.7217005521554403,5.784403305943312,-1.251709194628727,1073.896859704942,5.801302e-07,0.000623,0.115688,2685.636391
simulation_192,7.98736681201589,0.10348660063341383,-3.152458666068973,7.447025449725045,-1.030967028330485,1524.9136286728851,6.387247e-07,0.000974,0.12744,2852.569614
simulation_193,6.605387585406348,0.0752192700480434,-2.88685964272538,5.858013950680783,-0.8873819259069516,858.4089873484716,1.549378e-07,0.000133,0.091185,2048.183598
simulation_194,5.269000474540103,0.07245798358138378,-3.345313017942375,7.2452944477339205,-1.202898638232205,2214.6924358136434,3.699618e-08,8.193516e-05,0.090976,1821.078268
simulation_195,11.213466160255,0.0955511755811318,-2.9469560295832062,1.0928317352736183,-1.2075976860050364,14727.140080025016,4.854982e-08,0.000715,0.119106,2736.900734
simulation_196,7.712234104808362,0.09951239898771043,-2.75001274696579,2.2602706919146875,-1.3053757048036252,2790.132025907341,3.057203e-07,0.000853,0.123467,2805.324632
simulation_197,7.356214435687872,0.09901190068204667,-2.395489094277604,8.119831583340716,-0.7858183086100747,248.54414598360677,3.367611e-06,0.000837,0.122926,2798.527854
simulation_198,10.926966911655457,0.08895958273431047,-3.1094420858009237,10.881272670460095,-0.39171331064209336,1288.40673181303,4.012708e-07,0.000517,0.111543,2612.963927
simulation_199,2.8139998809589177,0.09185076017487072,-2.8167323473334998,1.6297462029929444,-1.2352424488497138,1286.352778490678,4.788733e-07,0.000616,0.11522,2684.731862
simulation_200,7.145389881172202,0.1068550340751212,-3.2415407395462803,2.5235232013382234,-0.6277436572142974,3350.0146563141216,3.199986e-07,0.001072,0.130802,2884.46229
simulation_201,10.967864453891845,0.07227321990531756,-3.4755499514563124,2.1091726133947044,-1.6361192486477898,44318.346338591975,1.804142e-09,7.995659e-05,0.091,1811.195375
simulation_202,6.670375025833228,0.1017368498757634,-3.419511298122942,5.20063627790346,-0.8451195920854937,3238.347649777087,2.850219e-07,0.000923,0.125786,2832.769759
simulation_203,6.864147180059573,0.0947795409756776,-3.3535819807846443,2.9224360507065863,-0.7579434125403166,4311.087593627628,1.642277e-07,0.000708,0.118453,2737.654926
simulation_204,6.475448231888814,0.0712398386419505,-3.221953939991228,9.247922549856156,-0.9409434594366644,1667.0697891608143,3.81191e-08,6.35472e-05,0.090653,1714.335828
simulation_205,6.487719774357191,0.1034007304881004,-2.8281676986560176,7.257276393618025,-1.0452440249192176,672.9377161838402,1.442927e-06,0.000971,0.127359,2850.598219
simulation_206,5.4295276751611015,0.09975772265297307,-2.344641872946536,6.780534161289227,-1.598926029527467,221.1250720390043,3.893724e-06,0.000861,0.123734,2807.675956
simulation_207,8.411244395500148,0.09181220609560033,-3.197227574199688,10.590625539538856,-0.8185694787566904,1573.8410777622887,3.920345e-07,0.000617,0.115176,2685.052145
simulation_208,7.943610990057714,0.08884776815848858,-3.5206021684291198,3.1477278887903033,-1.1290136865337732,9433.999917996769,5.511978e-08,0.00052,0.111487,2615.766202
simulation_209,7.4755746186303185,0.07843094448182725,-2.9768677521982863,3.18864549810602,-1.157146397752906,2539.6300194426817,8.268921e-08,0.00021,0.095776,2245.084992
simulation_210,5.573248464109824,0.08417156875938855,-3.2021291672643417,9.768050757069396,-1.6554212892585125,1592.3968705485763,2.298422e-07,0.000366,0.104567,2475.197724
simulation_211,8.952716276448179,0.07377982823960667,-3.2094253267016417,3.7433520777986105,-0.8615312619391613,3426.1564201636697,2.977097e-08,0.000102,0.090476,1927.977067
simulation_212,4.375232950376872,0.10500995727519792,-3.5375318670533593,6.956493909507503,-0.9239317198799106,3448.3706618326123,2.946319e-07,0.001016,0.128885,2866.27159
simulation_213,11.231842072116153,0.09716423237786004,-3.024150955298726,0.7978672513495041,-0.6738352923911222,6282.532351360439,1.222437e-07,0.000768,0.120881,2763.894098
simulation_214,6.142310119076102,0.09089922194119217,-2.7190215373976585,7.606261037718903,-1.2665631696089896,523.9116115592574,1.120418e-06,0.000587,0.114101,2665.709088
simulation_215,3.4913874694888265,0.07566783830492307,-3.0353907136685967,11.737636083522293,-1.8083019294291685,1084.517013360647,1.32778e-07,0.000144,0.09258,2083.151041
simulation_216,4.300166885016673,0.09771173383172176,-3.240787998890274,8.757057968794506,-1.5001164630339199,1740.8887466980595,4.566633e-07,0.000795,0.121543,2779.860837
simulation_217,8.79709570041993,0.0811161153510031,-2.5165426249648006,7.533022220626818,-1.213216270890294,396.67925928864287,7.285483e-07,0.000289,0.100315,2378.755666
simulation_218,4.863993921888326,0.08803348721843808,-3.0235437759814814,0.3402210976709047,-1.4042031495382776,44154.92431034964,1.109729e-08,0.00049,0.110344,2592.431841
simulation_219,6.9220231161776224,0.0950140975950935,-2.64560037409273,6.155031989025095,-1.7849302665769022,545.1174251549963,1.311644e-06,0.000715,0.118702,2741.344218
simulation_220,8.251105511320205,0.08286787026505453,-3.1092756995233155,7.154292375723027,-0.937635792795817,1470.3968250090068,2.251093e-07,0.000331,0.102665,2434.444021
simulation_221,9.982863014141103,0.07042437156526386,-3.171941738142693,4.875261700424536,-1.2238504262426877,3570.8755526136133,1.542443e-08,5.507872e-05,0.090212,1659.497225
simulation_222,8.718470234127045,0.0953296357466478,-2.7382614519199504,3.451074646723689,-1.0015543669091014,1382.8905956391704,5.249873e-07,0.000726,0.119037,2747.152262
simulation_223,7.680197364568862,0.10003048270173401,-2.814106380919464,6.284419730986824,-1.230306900975814,834.2202916894399,1.04289e-06,0.00087,0.124033,2812.410143
simulation_224,9.94747111822545,0.09774721684591522,-3.335279868830253,11.174089603498096,-1.5193865419923005,2164.139548551702,3.64117e-07,0.000788,0.121522,2773.7159
simulation_225,8.781878508997767,0.07367223805757762,-3.1576904474584446,5.481729066646307,-1.2481376681479186,2581.9784616520687,3.872999e-08,0.0001,0.090505,1918.431883
simulation_226,4.1568633252863005,0.07667576869587309,-2.83330250742621,1.5921317457604383,-1.0074451418265915,1786.5602008312878,9.123678e-08,0.000163,0.093588,2137.328109
simulation_227,7.83193662915949,0.07391237945303772,-2.7615942394332627,7.679294204568207,-1.4834854856363784,596.6098921329315,1.759944e-07,0.000105,0.090453,1938.345191
simulation_228,9.600014488347123,0.10879936446592314,-2.9152392680230466,1.233520704415721,-0.9866109429245341,6229.286803885374,1.834881e-07,0.001143,0.133214,2903.676591
simulation_229,6.169521828865977,0.07606181836946313,-3.1609164660743954,4.2457712679722,-0.93593056659813,2046.0236429091524,7.233543e-08,0.000148,0.092065,2096.953768
simulation_230,6.592360604630825,0.1057472042565832,-2.48054941712905,11.292492649086228,-1.5810416921553525,302.26444994422087,3.434079e-06,0.001038,0.129619,2873.018729
simulation_231,9.883970386447752,0.1004027890874349,-3.112751830500188,4.086215601030348,-1.1991149348437529,3737.0854462130865,2.360128e-07,0.000882,0.124443,2816.155401
simulation_232,8.747093808530815,0.10077670219655947,-3.1465084191533657,3.7159605886293416,-1.316167572039133,4319.419115261481,2.074353e-07,0.000896,0.124827,2822.22197
simulation_233,10.323966177763415,0.08030161771203756,-2.737986726405451,1.0398139370085415,-1.143927752083723,7552.238863987787,3.601581e-08,0.000272,0.099422,2353.557437
simulation_234,7.169465644073916,0.10914704010456414,-3.33044800554976,4.8912878853040365,-0.9962522167895256,3127.9281975137583,3.689343e-07,0.001154,0.133705,2907.40106
simulation_235,11.667175724812953,0.09952200582791287,-3.1394873490027084,9.320609165458498,-1.5532193051566718,1953.3343164887065,4.366892e-07,0.000853,0.123474,2803.831335
simulation_236,5.6831413865188605,0.09266632584959401,-3.058952984481662,10.80088838282336,-1.4044006036518493,1145.3107185230585,5.614197e-07,0.000643,0.116148,2701.685754
simulation_237,10.935318517676528,0.10258198761965936,-2.7848406760202,6.303880381717841,-1.0935520713789777,1112.5378542476517,8.494093e-07,0.000945,0.12684,2838.741208
simulation_238,8.825566951179912,0.10595188325975667,-3.210662823112022,8.361729752101184,-1.2268445433138389,1734.511122159117,6.036283e-07,0.001047,0.12983,2875.987861
simulation_239,9.357033506892481,0.1040325734439728,-2.832929724175688,0.7843541556021607,-1.1748275546807432,12515.494548126933,7.926175e-08,0.000992,0.127951,2857.879457
simulation_240,7.4627534663655855,0.08492862874149339,-3.477110269751578,1.570599074731814,-1.7821808156142358,48261.73004442431,8.080937e-09,0.00039,0.105705,2500.135557
simulation_241,5.747103584986652,0.07108031875431743,-2.884703618912605,4.9031224059253065,-0.3971078170142461,816.4074578772389,7.502832e-08,6.125368e-05,0.090556,1700.282822
simulation_242,11.04174953308825,0.09397550123679753,-2.594536494671162,8.930807791687375,-1.1680310206961044,503.3602699099393,1.323108e-06,0.000666,0.117373,2710.786154
simulation_243,9.98052472029217,0.08046808727770546,-3.40704755504065,6.426874330099525,-1.0606498261103874,4065.1512177123523,6.764816e-08,0.000275,0.099655,2358.294532
simulation_244,7.4240002235289095,0.1032895655228307,-2.51472152446129,1.7863336680009303,-1.475725526889628,2675.2599258223386,3.61834e-07,0.000968,0.127256,2850.582675
simulation_245,8.242024568370798,0.08485626192831519,-3.049996819013767,3.4487779245004893,-1.5489353809335624,4320.3840520000085,8.957537e-08,0.000387,0.105595,2497.855873
simulation_246,8.729436227624355,0.10899549717918858,-3.1556593952447343,9.459571898791898,-0.6401819009789376,1431.2742755495203,8.041785e-07,0.001151,0.133488,2905.769451
simulation_247,9.596373040223078,0.07156490876679325,-3.1139485722533755,9.87630660527421,-0.8955969538387096,1300.014767161619,5.28199e-08,6.866665e-05,0.090832,1746.302253
simulation_248,9.271080184262766,0.07005435259935168,-3.255824283034897,0.4681424298676471,-0.9019118909612264,26630.406115723712,1.907215e-09,5.078991e-05,0.090016,1628.424195
simulation_249,9.312397595049744,0.08598842776388507,-3.1748335323192207,3.7278345812612432,-0.8967861098916659,3396.150066477831,1.245528e-07,0.000423,0.10731,2534.204262
simulation_250,9.794939244451617,0.07355580505896138,-2.9357547452532327,11.820587666295824,-1.5151494391678813,860.9860528869293,1.161459e-07,0.0001,0.091,1914.106803
simulation_251,7.44618116898642,0.0883026007118665,-2.8921006244878025,0.3682690921743276,-1.2895279480082735,37640.814964966245,1.331002e-08,0.000501,0.110727,2600.987688
simulation_252,11.883195811605516,0.0933929416551172,-3.242954441981742,11.063458682531866,-1.464162496725156,1941.0953819576227,3.343473e-07,0.000649,0.116732,2701.193763
simulation_253,6.726250408192503,0.07690019725954672,-2.9714010393556087,8.019827990267197,-1.3003409194997086,934.7641008045127,1.786547e-07,0.000167,0.093187,2148.091815
simulation_254,9.632404584337467,0.09408553954195802,-2.6316809299899946,9.24029985514905,-1.8230279519452133,461.5705609222824,1.490563e-06,0.000688,0.117708,2727.494585
simulation_255,6.845957386929574,0.10722530240638928,-3.3633203995143037,7.528405830121435,-1.5536895914364126,2307.9499294095203,4.696809e-07,0.001084,0.131223,2886.860229
simulation_256,5.120590737174957,0.07196754285951225,-3.3016145744613365,0.9478224978452391,-1.1799591425692528,14658.032389586768,5.159436e-09,7.562718e-05,0.090991,1786.793261
simulation_257,6.615775616454759,0.10200350437167187,-2.5414908620808463,9.81351407167098,-1.0441645864076359,347.8381726801697,2.676532e-06,0.000931,0.126044,2835.797593
simulation_258,8.763528391648602,0.09296830558575432,-2.7647697764964034,9.294971636065917,-1.0619943751190866,581.8137822255,1.124071e-06,0.000654,0.116485,2708.18112
simulation_259,7.678979190278544,0.08098579671593235,-3.0184563182358937,7.417080419110018,-1.2813301217457518,1090.2838931521785,2.62317e-07,0.000286,0.100153,2374.611517
simulation_260,7.495129270260981,0.09792643857590648,-2.7479464955045287,3.5613896227336395,-0.8208656683504173,1029.7777616478702,7.797799e-07,0.000803,0.12177,2783.7961
simulation_261,7.179538349943536,0.09065577354854523,-2.6073814447541777,8.663839194139713,-1.403156550899188,404.9111534173454,1.432413e-06,0.00058,0.113807,2660.308807
simulation_262,7.330482966886393,0.0991135973412112,-3.2167070503836284,10.903480885292208,-0.9426512224942548,1646.310881899341,5.102317e-07,0.00084,0.123036,2799.906361
simulation_263,5.506977900206257,0.09739972719946456,-2.7948601058865017,5.9568185238513776,-1.030481804643827,623.4221360010837,1.262387e-06,0.000787,0.121215,2775.613963
simulation_264,9.898157805338434,0.07630744405434546,-2.8831686592210066,0.8903750467943936,-1.3868996992062546,21548.925730798663,7.23934e-09,0.000156,0.093092,2113.3967
simulation_265,5.9537565357618405,0.0729310821397843,-3.4168013852142955,7.22977568824937,-1.7779997101642078,2610.9657221171497,3.387082e-08,8.843555e-05,0.090808,1857.096747
simulation_266,6.7929382249584815,0.09379147402585328,-3.1467453736904107,0.1531820636969235,-1.4342879110807814,322602.901047032,2.101655e-09,0.000678,0.11739,2721.573286
simulation_267,7.592584647815429,0.07191829242496986,-3.204744396515447,9.463864503630743,-1.242378580381679,1602.3019983276358,4.665251e-08,7.475141e-05,0.090977,1780.776715
simulation_268,6.152820133852574,0.10931611152318818,-2.2987868132496594,3.724143857716384,-1.600830985164098,444.1513190261265,2.613974e-06,0.001161,0.133951,2908.251786
simulation_269,6.639322280952937,0.07033172060091207,-3.1231994109210097,3.6609974004601145,-0.8025982603962656,2139.2073952789733,2.469251e-08,5.28224e-05,0.090125,1643.15693
simulation_270,3.9784691161324943,0.10856378178216564,-2.5283847105500654,4.549859634355605,-1.1950190540954386,337.51542096319923,3.350958e-06,0.001131,0.132894,2900.256144
simulation_271,5.510634658591171,0.1011800342299838,-3.1745488573780505,0.9152852105402696,-0.9777258571727371,8642.077761530163,1.048359e-07,0.000906,0.125237,2826.24622
simulation_272,6.852954476881057,0.0759886377615791,-2.993809907306888,9.962080279082649,-1.5597462853012558,985.6537096787171,1.491396e-07,0.000147,0.091979,2092.62885
simulation_273,4.722260781034622,0.08648628622826117,-3.056143202441419,2.1055319607793592,-1.8164004641327685,4930.64673874867,8.883216e-08,0.000438,0.108062,2547.155624
simulation_274,5.551281792494364,0.08576458373748214,-2.3403463682671948,10.489139870421042,-1.3667194502559563,219.0871930073703,1.894223e-06,0.000415,0.106971,2525.3803
simulation_275,7.555313701968789,0.10024419409779713,-3.1932246881374984,3.1713714606793424,-1.0911032035634245,4020.91056889695,2.181098e-07,0.000877,0.124265,2815.311618
simulation_276,4.65093654984703,0.08435604135738471,-2.9899134497309845,7.496362374878269,-1.2906863338764023,976.1102925699853,3.8008e-07,0.000371,0.104843,2480.720491
simulation_277,3.3690504443237987,0.07746772338526207,-2.738729969038141,4.967570579734256,-0.6342403264867913,546.6833405085522,3.365751e-07,0.000184,0.094643,2189.758739
simulation_278,7.582645556477138,0.08849509842914496,-3.2195962776668177,10.159795354698122,-1.6143893030057623,1656.5141192507197,3.060644e-07,0.000507,0.110998,2606.268611
simulation_279,6.407851563376638,0.08088522130523873,-3.0402816832338546,8.963741099404194,-1.3395332849732866,1098.8942956551887,2.584416e-07,0.000284,0.100029,2371.459884
simulation_280,9.914322403124553,0.07150391020258481,-2.6122368810300154,4.7989448031816435,-1.1772779271105624,961.7162413692269,7.154052e-08,6.880168e-05,0.090752,1747.838806
simulation_281,8.555648493902417,0.07420497093142485,-2.5929721295224124,9.789543288357676,-0.8224663760390641,390.25830132623963,2.818646e-07,0.00011,0.090453,1964.126975
simulation_282,10.087233010648337,0.10115522294778696,-3.2410467283480187,8.296574799603329,-1.1183717564245539,2165.361694535807,4.170204e-07,0.000903,0.12527,2823.929664
simulation_283,6.818619890970986,0.0869829733364331,-2.869214913059842,8.245360434464871,-1.2207238291830191,739.9137959773083,6.149365e-07,0.000455,0.108806,2563.234476
simulation_284,8.134829188193386,0.10563583629769638,-2.8339233464263454,11.552973245701173,-1.415927700979327,682.5201777843301,1.519369e-06,0.001037,0.129506,2873.105869
simulation_285,9.759802391633963,0.10326234806286896,-2.639906741510446,8.107856194809543,-1.0365508683438942,528.2224029795028,1.826882e-06,0.000965,0.127588,2845.826572
simulation_286,10.55171542233866,0.1014469877319492,-3.0054702234132358,4.093518309518976,-1.0289876104589901,2683.851951428165,3.398101e-07,0.000912,0.125592,2826.954176
simulation_287,8.365690109863436,0.08407711650399476,-3.1484774404601334,1.902910786343676,-0.959329997979698,5819.084968072568,6.255279e-08,0.000364,0.104427,2473.120455
simulation_288,6.699822302731921,0.08232579180860207,-2.957862438105102,6.363147873200222,-1.3228265747126189,970.1339519339941,3.26759e-07,0.000317,0.101907,2417.118893
simulation_289,5.545690194526059,0.08527899725922626,-2.8027677042816648,9.195615291581245,-1.2989618612168272,634.3450633645535,6.289952e-07,0.000399,0.106235,2510.200237
simulation_290,5.856967054455245,0.08049588802245655,-3.1552655689238165,11.649141417040475,-1.40508204974733,1431.1177029259852,1.921575e-07,0.000275,0.099563,2358.281868
simulation_291,6.410100256350647,0.07036831641408453,-3.1200551363769504,4.362805921564201,-1.5576842612339532,2401.2436169732027,2.2129e-08,5.313712e-05,0.090143,1645.393269
simulation_292,9.030933826071387,0.07392459871094936,-2.554935134911664,4.4694677102677165,-1.1444255421594318,803.6444126048183,1.306548e-07,0.000105,0.090451,1940.505623
simulation_293,7.568295533823633,0.07291648158058127,-2.8908431292010386,9.790749831944838,-0.8006584878297662,777.7561090867734,1.134253e-07,8.821722e-05,0.090814,1855.775348
simulation_294,6.040957275006742,0.1086491360468584,-2.676440895315164,2.8117146669157393,-1.5390564916931455,1540.8711664720552,7.365963e-07,0.001135,0.133009,2901.127743
simulation_295,7.318622986930661,0.09146276678212603,-2.9449391451852933,7.192517444486597,-1.7051769090722173,905.5710551994871,6.69191e-07,0.000606,0.114769,2677.888044
simulation_296,7.339914968718331,0.10437123048508748,-3.0227707853533454,3.742129196789712,-1.1852615856105382,2342.8024138134824,4.264124e-07,0.000999,0.12827,2861.21631
simulation_297,4.58056637306055,0.07054200093819651,-3.0961566215928977,8.199712764863156,-1.2509865046560156,1247.8330729524919,4.405086e-08,5.496812e-05,0.090233,1658.670581
simulation_298,6.116479344951463,0.08186671674308546,-2.8091864901306276,2.2666689817495285,-1.2652046071413467,2259.2626063149723,1.349998e-07,0.000305,0.101285,2402.079141
simulation_299,6.122612684174197,0.09607208819998972,-3.4436105528555525,8.614608144047407,-1.0128773633956851,2777.1251141335224,2.689832e-07,0.000747,0.11982,2757.154013
simulation_300,5.1113033242566255,0.07085416345405239,-2.7742948895425665,11.253695827508867,-1.279888678544425,594.6964713426075,9.812599e-08,5.835518e-05,0.090416,1681.590768
simulation_301,9.972949335781015,0.08892790220776596,-2.86120504505755,2.9000153773765214,-1.6065766346731511,5285.007876812611,9.763467e-08,0.000516,0.111499,2611.963821
simulation_302,11.175454539175217,0.10666608682383112,-2.846752017890456,6.1425644238180075,-1.1369511860429529,1387.2381829889755,7.74921e-07,0.001075,0.131333,2881.561803
simulation_303,7.572859390288807,0.10984671185054364,-2.9739592407010482,8.443612651158467,-1.1650169919632478,941.8668960367795,1.260263e-06,0.001187,0.134758,2915.219591
simulation_304,6.970682359123937,0.09486941899727,-3.4721752449790904,7.126975976995954,-1.2414369473928608,2966.231271753927,2.396981e-07,0.000711,0.118549,2739.230016
simulation_305,11.559679536081694,0.07973699436863307,-3.4037402355559747,4.3771099430959035,-1.370270731540765,9571.338626482997,2.674652e-08,0.000256,0.098579,2327.696775
simulation_306,7.1107195729856345,0.08372098228374313,-2.692071414191412,10.453687347068554,-0.9966507863872579,491.9829707182576,7.195371e-07,0.000354,0.1039,2461.7606
simulation_307,7.547947599043207,0.08730317710743539,-3.4354888620039286,5.113815272459397,-0.9256164416641984,3907.4429676485474,1.195155e-07,0.000467,0.109281,2572.580619
simulation_308,4.325274021790087,0.09757507727168263,-2.705474172740156,0.11302327147296401,-1.5912919695757155,167263.29547600364,4.729071e-09,0.000791,0.121399,2777.985027
simulation_309,4.732866504538153,0.09091767869591708,-3.0083033520848157,6.2271709127268124,-1.2048972228005368,1018.965252069784,5.760746e-07,0.000587,0.114123,2665.156959
simulation_310,5.048653238374247,0.08019566866946932,-3.0988689985660733,7.197131353972996,-1.25055211504806,1257.1538597427555,2.139754e-07,0.000269,0.099218,2348.986598
simulation_311,5.173611101994184,0.08797791965852751,-3.0157456587188527,7.20342384096179,-1.0660718403315963,1035.8798642572838,4.710971e-07,0.000488,0.110264,2590.887726
simulation_312,5.401150272304973,0.10385425373330616,-2.6600518083587503,11.971281239460067,-1.45630753729845,457.03902806749136,2.152989e-06,0.000984,0.127783,2855.215192
simulation_313,5.845420989413843,0.09001009875659237,-2.712730592807925,6.474117246778225,-0.4444832338439977,516.541357559555,1.080262e-06,0.000558,0.113013,2645.2451
simulation_314,10.842973739600609,0.09396037023188007,-2.667041734237843,6.248573995704372,-0.8388075845503409,737.5619480052051,9.02975e-07,0.000666,0.117356,2710.537106
simulation_315,7.472184861996922,0.0956869607013424,-3.21714726331983,4.073697633115482,-1.2068441166982236,3427.000010709375,2.147651e-07,0.000736,0.119414,2752.073768
simulation_316,5.845484434440642,0.07368389643656753,-2.7729009307024635,1.4459389007431838,-1.6860931750504515,6209.891860943133,1.610334e-08,0.0001,0.090501,1919.320688
simulation_317,8.372765223803562,0.10007885508173746,-2.9620426573399983,10.39849945873152,-1.6360446440104115,916.233460909036,9.517225e-07,0.000872,0.124087,2813.080598
simulation_318,9.349479788798678,0.09469527555121854,-2.6496833594529123,8.026866492530429,-0.8893688732456273,511.2256327230682,1.382951e-06,0.000707,0.118363,2737.351715
simulation_319,9.733940855883915,0.09601667722905373,-2.913480325328877,7.41071480504625,-1.6882257647197318,1298.3571335831634,5.62249e-07,0.00073,0.119618,2744.663645
simulation_320,7.808980662629902,0.0913603546441923,-2.609555570510052,0.10856541451296033,-0.9614819882595882,24809.842636475736,2.430487e-08,0.000603,0.114649,2675.730576
simulation_321,6.869860507985687,0.09989362505598524,-2.594128623088632,0.7458233764422274,-1.4612917420520186,10069.539189948062,8.590264e-08,0.000865,0.123883,2809.48963
simulation_322,9.893832335265698,0.08536335109561934,-2.494883172482881,4.169562211227861,-1.3642323148393625,1015.4700190169839,3.899672e-07,0.000396,0.106509,2501.914269
simulation_323,7.377321927159027,0.0805679492240514,-3.4182349347487477,11.725154738329554,-1.325434591723922,2620.7434207040624,1.056952e-07,0.000277,0.099648,2361.549738
simulation_324,6.54147639024808,0.08029483705040558,-3.1911986211653898,7.750525213646789,-1.4644605508093975,1551.4784559182604,1.746721e-07,0.000271,0.099331,2353.079989
simulation_325,9.414672246983557,0.07639642165033254,-2.0188456093627747,3.5339806711422583,-1.4143042002823254,417.97103996553346,3.732316e-07,0.000156,0.092485,2118.119864
simulation_326,10.67917267755507,0.07447697409999955,-2.8570863857774818,5.250359918258319,-1.0069335561260622,1472.4486146629426,8.013862e-08,0.000118,0.091,1991.609895
simulation_327,7.4875407479453635,0.08545419417604562,-2.7453707670398217,7.1957305837943615,-1.1279398690939262,581.4015098682166,6.983126e-07,0.000406,0.106501,2516.609637
simulation_328,6.9583897910100125,0.08731145557930495,-2.8010411262000097,10.009085347339004,-1.1858932677090586,632.130801699211,7.371892e-07,0.000466,0.109293,2572.876629
simulation_329,10.764590533532582,0.09264521492018707,-2.6802254300222086,9.66024426585764,-0.6502150583535191,513.5766607212807,1.222797e-06,0.000628,0.11591,2688.932752
simulation_330,7.188709436413587,0.10559004746527174,-3.1979028594195245,5.988895719113724,-1.0242980632662158,1900.199815015364,5.441533e-07,0.001034,0.12946,2872.683799
simulation_331,7.468939374855929,0.08501220430231388,-2.776273609605408,11.978743362016482,-1.3112067661986024,597.1467960484724,6.56455e-07,0.000392,0.105831,2502.76777
simulation_332,7.2819561413957565,0.08634478997387678,-2.8992680773083856,6.322290619064579,-1.3595542261750395,961.0207763854883,4.526437e-07,0.000435,0.107849,2544.023335
simulation_333,8.495772057684839,0.10589052917736166,-3.344183333636056,8.252454464464561,-1.3905330415889785,2298.0548559988247,4.547324e-07,0.001045,0.129767,2875.472111
simulation_334,9.409092350819416,0.07461735302956635,-2.9838184591903647,5.991690726898698,-1.25693126919758,1689.8210010954017,7.042166e-08,0.000119,0.090619,2002.100809
simulation_335,7.918319155345862,0.08293277661050223,-3.3713864351497795,4.2958280686297865,-1.1386997427005856,4718.644782546286,7.057111e-08,0.000333,0.102758,2436.522558
simulation_336,4.079451641033216,0.09457284777180378,-2.69845805848544,10.022746044570212,-0.6946855612476395,499.4496079569946,1.403545e-06,0.000701,0.118232,2733.844144
simulation_337,7.917597169282466,0.07530151691720585,-3.0857199731224987,7.931430872350296,-1.498806940625635,1216.7582110748606,1.101287e-07,0.000134,0.091259,2052.809272
simulation_338,10.889579705007717,0.09991506132093812,-2.941707792899182,4.6263335684584765,-0.9624130197272588,1992.215669740218,4.356958e-07,0.000868,0.123907,2810.545702
simulation_339,8.776322222188735,0.10175824014589596,-2.7774538461375844,9.195139352420217,-1.5769826144589738,598.9778565777924,1.545967e-06,0.000926,0.125806,2834.020067
simulation_340,10.841859983574274,0.10249935458013516,-2.8120128326894878,1.847882274801072,-1.485310447844602,8977.06274700026,1.049341e-07,0.000942,0.126749,2837.877586
simulation_341,7.906138049119235,0.0733023204514694,-3.0992347361326154,0.3798886039172391,-1.0532533595322409,30721.68439836174,3.062031e-09,9.407075e-05,0.090643,1886.709218
simulation_342,9.558007441064145,0.07099659367410549,-2.7890934900533595,5.8838703238632,-0.677422828352973,854.3058281960544,7.036637e-08,6.01144e-05,0.090504,1693.025204
simulation_343,5.4174756070052235,0.10791727938810154,-3.393345226527836,11.018582632311174,-0.8821738963191181,2474.234355101311,4.478153e-07,0.001108,0.132056,2893.723126
simulation_344,7.969015235878488,0.10059096332408587,-2.7080252734917885,3.9658315943251914,-1.0374971227649998,1051.8387100098444,8.442359e-07,0.000888,0.124634,2819.876291
simulation_345,6.616398151314124,0.07759475819355911,-3.109021072147961,0.8370303699033358,-1.1773015832901237,14623.199666749135,1.265113e-08,0.000185,0.094283,2191.751787
simulation_346,7.7555345430987135,0.07359794459374511,-2.8083188393788667,2.220559725145604,-1.3901954217209205,3656.3922271888787,2.706717e-08,9.896819e-05,0.090528,1911.352414
simulation_347,9.267915776284605,0.09006844816440955,-2.736276157121344,0.9704049539535008,-0.9456381881339058,4601.596860743047,1.219142e-07,0.000561,0.113085,2647.638993
simulation_348,8.374686671267005,0.09941548192437387,-3.2130823391285497,0.3022213093170546,-1.1179321962326827,66899.21358006813,1.270568e-08,0.00085,0.123362,2804.004634
simulation_349,4.571423317772792,0.09297848647979973,-2.771894003029465,5.825986634399227,-1.2679587909144188,591.0920970442676,1.103043e-06,0.000652,0.116497,2706.556224
simulation_350,8.834154381681483,0.07652526770288548,-2.9745821254379017,4.599200525105676,-1.1524439435896785,1994.2588065774694,7.922743e-08,0.000158,0.092657,2125.373223
simulation_351,4.7210843421685045,0.0826421451615647,-2.8394337611962213,4.134611623918391,-1.0742224426187583,796.2206061892882,4.069224e-07,0.000324,0.102347,2425.960181
simulation_352,6.009538329199956,0.08583675376867224,-2.699591119283493,2.019995583957671,-1.5628785254931752,2751.995691839838,1.515264e-07,0.000417,0.107081,2528.095474
simulation_353,4.822664129439809,0.09722780269581366,-2.9642452076359334,1.8266137484249652,-1.3192849258935926,3314.2048687833726,2.356523e-07,0.000781,0.121034,2773.184818
simulation_354,5.479658345760294,0.08441497403144392,-2.9638657216544915,1.2696082750731563,-0.6905804700107625,2522.168713477577,1.478886e-07,0.000373,0.104931,2482.746824
simulation_355,9.85371921352247,0.0972469954474125,-3.351153439657317,5.482395205877465,-0.8508797243576351,3697.4108053593754,2.085243e-07,0.000771,0.120972,2765.286908
simulation_356,7.736287139318747,0.10460276831358503,-2.8350311726358277,6.393554137606943,-1.3977525424139996,891.5941987882826,1.128316e-06,0.001006,0.128492,2863.427603
simulation_357,1.4000043454249207,0.08882947411411106,-3.1359566580126077,11.975454559197164,-1.1250966011638004,1368.8090019197546,3.798923e-07,0.00052,0.111525,2615.52582
simulation_358,6.341425129772284,0.07310329711329078,-2.9792330982056883,7.031087255839642,-0.9616240486845768,953.3069640861247,9.543693e-08,9.098069e-05,0.090731,1870.567983
simulation_359,7.844517324622452,0.09936233299929842,-3.3268171155345585,5.932118274521023,-0.7949307075240624,2648.579699136338,3.201716e-07,0.000848,0.123304,2803.282292
simulation_360,3.764301866574023,0.08184873073206969,-3.197989097932992,11.374490655787824,-1.214223812680146,1575.6895974424071,1.929314e-07,0.000304,0.1012,2400.32092
simulation_361,10.167199177013336,0.10800330027276993,-3.0533677534265173,5.016936045995745,-0.7358940070704445,1900.5627598544856,5.898253e-07,0.001121,0.132803,2895.720071
simulation_362,4.781135044635763,0.08134692736423094,-3.1306860631245077,0.7980777211105188,-0.5273944952737156,3472.99967960689,8.436511e-08,0.000293,0.100607,2384.802024
simulation_363,7.250754036422792,0.0965116430769436,-3.6017288040455977,11.847318778773074,-1.8418299322204683,3997.858702750012,1.903519e-07,0.000761,0.120282,2764.110442
simulation_364,8.3900051541424,0.09381714001166988,-2.670652084092162,7.452659393121487,-0.6310855880840953,504.93387222648363,1.346711e-06,0.00068,0.117418,2722.320497
simulation_365,8.832202981135564,0.07541783891785986,-3.1430630707610963,8.262062609561058,-1.3070279214248388,1514.3324327138116,8.980855e-08,0.000136,0.091369,2059.958398
simulation_366,8.540695896601674,0.08451946578035342,-2.9185103722221513,1.7755515976190617,-1.3334824830948604,6728.648765962247,5.602908e-08,0.000377,0.105088,2487.325679
simulation_367,6.0058907914487225,0.0983253635276322,-2.950937672248204,8.932804141801489,-1.5664202973901906,893.6747214576885,9.130839e-07,0.000816,0.122193,2788.366797
simulation_368,8.390174139288106,0.10376266960490267,-3.4633865411320497,7.224730722953112,-1.0763312414908672,3414.588734844506,2.878824e-07,0.000983,0.127698,2855.31621
simulation_369,7.3200512605129315,0.10350139052148773,-2.1874731161034244,7.9486252023420025,-0.7686690469748744,153.96731403546434,6.326018e-06,0.000974,0.127453,2852.709873
simulation_370,3.1073676944693482,0.08151728134838086,-3.19387789515475,0.10283964053901523,-1.1451875644222649,77194.68264248873,3.834461e-09,0.000296,0.100771,2389.360535
simulation_371,2.5331391746206466,0.08286901685939675,-2.7739405682544227,3.4837718686584087,-0.9457750963888364,594.9513510083164,5.546672e-07,0.00033,0.102594,2431.911411
simulation_372,10.337377316259289,0.0893688205060196,-3.1438039255863384,1.7715824369186357,-1.4616763520210825,18330.897811607207,2.907659e-08,0.000533,0.112116,2625.908236
simulation_373,8.323418522129757,0.07685769423714606,-3.018648737184102,2.4675113465666625,-0.9575375422682318,3334.7382089884454,4.977902e-08,0.000166,0.093125,2145.452857
simulation_374,6.11264294058732,0.08632230212068125,-2.817193223349897,7.1569235684233865,-1.41566592144875,656.7292758687634,6.59328e-07,0.000433,0.107815,2543.234736
simulation_375,7.708781598449796,0.09981099593110332,-2.3764316653031403,5.5618391144822406,-1.5897237105850155,399.1142715493958,2.162288e-06,0.000863,0.123793,2809.402992
simulation_376,6.181960462868184,0.09704376580126092,-3.267098693127166,10.28800504848268,-0.8280305842443434,1848.885974722679,4.197122e-07,0.000776,0.120841,2770.883641
simulation_377,9.374107448706553,0.07959025484320452,-2.99170616939602,7.102881049304638,-1.2530429937117449,1385.8438819150144,1.803955e-07,0.00025,0.098113,2319.623351
simulation_378,9.01727025690162,0.10060221844641018,-2.994209330517643,5.710634125070262,-1.1205227433858662,1644.1100312325484,5.413263e-07,0.00089,0.124645,2819.989941
simulation_379,7.968880131854642,0.09211441015501852,-2.8685771283629293,5.148907904314343,-0.9355165533053924,1111.0486970694715,5.643317e-07,0.000627,0.115523,2691.146229
simulation_380,9.407630342232055,0.10741084200461433,-2.4425310618009943,0.4052698975290252,-1.6517664030321544,49885.669166274914,2.19101e-08,0.001093,0.131441,2889.754238
simulation_381,9.770056030764305,0.08052666403142981,-2.8263124215136504,9.936851099638584,-1.1019750733329718,671.1702107038323,4.12712e-07,0.000277,0.099737,2359.964029
simulation_382,8.465387908407234,0.08321955933451408,-3.4598216718983377,10.916636435644328,-0.96852394478694,2880.5210693171985,1.180342e-07,0.00034,0.103169,2445.704496
simulation_383,8.085790876194139,0.08096977177670134,-2.8358817855223277,1.9184110808908728,-1.2919562568881584,4386.329427191548,6.49746e-08,0.000285,0.100133,2374.109373
simulation_384,7.914206468369807,0.10559742293335446,-3.361543944357891,5.846269752980863,-1.683301378812874,3823.7583591606353,2.706761e-07,0.001035,0.129467,2872.74332
simulation_385,5.3177066243090865,0.07661537784396147,-3.153772654523137,9.73503202544075,-1.428916228461149,1427.288515291934,1.128013e-07,0.000161,0.092781,2131.061097
simulation_386,5.498390868399053,0.10275095139584073,-2.6932798505927678,8.920980060276907,-1.3526204283369652,493.52513663862254,1.931006e-06,0.000953,0.126752,2843.999312
simulation_387,5.561145038598976,0.07442331101663288,-2.9385847072121165,10.863757411078472,-0.8882417864499743,867.5336471039087,1.325597e-07,0.000115,0.090513,1984.497241
simulation_388,5.383002704185464,0.09488174540748352,-2.7175898380398227,6.764355804862475,-1.477348655948432,521.8141813095114,1.362554e-06,0.000711,0.118562,2738.740549
simulation_389,11.231856691967952,0.08452777981998795,-3.127898477482257,8.329890394760008,-0.9664031153714764,1790.8749146084842,2.077197e-07,0.000372,0.105339,2476.794375
simulation_390,3.1708566598930714,0.0941931250337244,-2.5918324212855723,11.244902311304774,-1.0378593752614411,390.9730064065098,1.76227e-06,0.000689,0.117824,2727.265883
simulation_391,7.8311445632064345,0.1098593835381146,-3.322098916227572,8.83693251244142,-1.3058634808033245,2100.1996780754534,5.656605e-07,0.001188,0.134776,2915.35804
simulation_392,5.315122023122992,0.07576978006750727,-2.796235259454069,3.9692199528034733,-1.0983101550487306,861.2449989068814,1.660387e-07,0.000143,0.091731,2080.606427
simulation_393,4.853778651082919,0.08702136373270516,-3.0175534504578425,1.5076594984661795,-1.4489238924010517,5660.794048022652,8.055407e-08,0.000456,0.108863,2563.179974
simulation_394,10.082897451448599,0.1081403766344583,-3.0689998198540818,4.989975657757823,-1.2441296254388792,2811.7952563565677,4.004559e-07,0.001126,0.132954,2897.174767
simulation_395,10.893920313520985,0.08750646606685136,-3.1323412614163155,4.870117800854913,-1.3118388078243857,3896.5008750331704,1.190812e-07,0.000464,0.109509,2567.511163
simulation_396,4.658834136069421,0.07625563122435021,-2.5413809432752283,9.848489062016696,-1.09290353031471,347.3697976264426,4.404528e-07,0.000153,0.092304,2110.434844
simulation_397,7.1192831377167884,0.08849028372681947,-2.865952502324048,7.93279486616714,-0.8638882297546719,734.0790630660788,6.906613e-07,0.000507,0.110992,2606.140882
simulation_398,5.443929470100974,0.08347387740608632,-2.8404389280089117,11.203531272739095,-1.001842167867791,691.893448408945,5.00077e-07,0.000346,0.103538,2452.671078
simulation_399,5.049114232813591,0.07589931890172114,-3.2321522883953397,1.4749698500941932,-1.2790600038316384,8246.453742477936,1.770458e-08,0.000146,0.091875,2088.86729
simulation_400,4.7127692027144965,0.08938787909386617,-2.4282541121593,6.451358077476844,-1.3324016545253297,268.2181027739846,2.002102e-06,0.000537,0.112213,2628.818969
simulation_401,4.9774129359759405,0.09693668721046868,-3.0141812947358866,11.744199708049516,-1.5254196935157975,1033.0291354307878,7.482848e-07,0.000773,0.120728,2769.120215
simulation_402,6.637947447871094,0.07743957617735453,-2.4732917359787048,1.856744052386668,-1.355165222902635,1668.5872320811247,1.08475e-07,0.000181,0.094026,2181.922644
simulation_403,6.097167864717653,0.08716994117914767,-3.0474193020708813,11.096804840233457,-1.3395461461310898,1115.2967669216043,4.133429e-07,0.000461,0.109084,2568.586651
simulation_404,5.539145737230011,0.07979165931966689,-2.7579655034388475,1.524824393346873,-0.6365995221535085,1302.705724859427,1.972817e-07,0.000257,0.098545,2330.202621
simulation_405,5.228007899410729,0.07835883957032476,-2.7511771631659734,10.229120938244003,-0.5153610985863869,565.1218734224813,3.680622e-07,0.000208,0.09564,2240.132778
simulation_406,8.57783087777687,0.07230606300228175,-2.8657637133352982,1.214723702266227,-1.62722206953044,17641.950472011864,4.532831e-09,7.996798e-05,0.091004,1810.556567
simulation_407,5.68699448602079,0.1014505097420276,-3.4908343900780494,1.0421823792473586,-1.48750980264,38561.46761152798,2.372835e-08,0.000915,0.125506,2829.447449
simulation_408,5.525087561540665,0.08573300860607201,-2.681426876952885,5.808818736597152,-1.9118184833920628,480.5222510819295,8.615626e-07,0.000414,0.106923,2524.305817
simulation_409,8.990183274865334,0.07888036406630122,-2.6615159937792137,3.241950179369172,-1.2799805657165162,1694.883335530404,1.327525e-07,0.000225,0.096648,2274.265319
simulation_410,7.785653239418307,0.0783710647672247,-2.885592921773844,6.449381371344326,-1.190173661418712,960.263555412747,2.166072e-07,0.000208,0.095663,2241.261554
simulation_411,5.97900336748386,0.08439284679261908,-2.5957048190898058,5.609220346186662,-1.1419949274426553,423.8606500726927,8.800062e-07,0.000373,0.104898,2482.509538
simulation_412,6.407171385489741,0.07358569111555217,-2.783057822505117,11.770584553284936,-1.4950226108690725,606.818296329158,1.627474e-07,9.87581e-05,0.090532,1910.320644
simulation_413,10.702257950449216,0.10940871527168136,-3.100994055678643,3.9308818021049183,-1.1132558793941871,3847.8105563960335,3.045888e-07,0.001172,0.13435,2910.684069
simulation_414,8.312308951317561,0.10090837821231903,-3.209930034987728,8.047668491754719,-1.263331037186343,1688.6295060363805,5.317922e-07,0.000898,0.124961,2823.902468
simulation_415,8.600870772026257,0.07836022389721406,-3.2937871709522013,9.579026139639998,-1.4397793810916304,1969.1468765827726,1.056295e-07,0.000208,0.095643,2240.495898
simulation_416,6.856848395417592,0.08872558087409926,-2.477700194169272,1.2493899492491292,-0.8287162621331345,1230.318494511439,4.17778e-07,0.000514,0.111319,2612.549482
simulation_417,6.021522411595403,0.10247715710585016,-2.548867924636644,7.5284761859948635,-1.8358912997476933,353.8728102481566,2.670451e-06,0.000945,0.126494,2841.012068
simulation_418,7.143148106112161,0.10515716899691048,-2.6212273873309324,11.392712203736364,-1.4880306575645306,418.0257964087449,2.442433e-06,0.001021,0.129029,2868.617576
simulation_419,6.618960847303753,0.08050226584669809,-3.178384708012054,2.3568174069898764,-1.3165432509325714,5873.298897926534,4.699233e-08,0.000276,0.099571,2359.511142
simulation_420,11.775230745814428,0.09547954103210136,-2.7341994138593977,11.252096441908224,-1.210577667801864,572.3049420782385,1.244092e-06,0.000712,0.119027,2735.706982
simulation_421,7.330536699585124,0.08684729651613499,-3.090813316972689,7.968756308883704,-1.088244936142054,1231.630006330196,3.661814e-07,0.000451,0.108604,2559.137041
simulation_422,5.842645217018839,0.07711112328576862,-3.044401128697363,7.0552908277042405,-1.4987420285000204,1105.6379177238257,1.555663e-07,0.000172,0.093505,2161.553735
simulation_423,9.641141702227847,0.1020726880390574,-2.4886464988735746,10.23172882525695,-0.8714229789257153,308.1264882426553,3.018241e-06,0.00093,0.12628,2833.449152
simulation_424,9.214692248756917,0.07517154771999161,-2.9815207193055797,5.322151298196856,-1.3600393487000757,2021.511021293403,6.529769e-08,0.000132,0.091143,2046.507789
simulation_425,6.720163035243799,0.0976385422075777,-2.8958100088251078,11.439725999018345,-1.2006224805655248,786.3246847521344,1.009761e-06,0.000794,0.121466,2779.052711
simulation_426,8.948708925633095,0.09176296735322344,-3.0841702184679733,11.024185233759413,-1.46147709797346,1214.0404567157132,5.073966e-07,0.000616,0.115119,2685.025436
simulation_427,10.84763858812734,0.08435850127487853,-2.7023018729513133,5.144477736056102,-1.1465225742824363,1185.680077739372,3.103704e-07,0.000368,0.105102,2471.73567
simulation_428,4.3966063220452245,0.07811349074227866,-2.5443675622084654,2.6288640660349234,-0.8472513572656277,542.1378680873377,3.707544e-07,0.000201,0.095188,2225.696184
simulation_429,11.396097164489234,0.09527434794223227,-2.876062564740641,2.8033595151142805,-1.3418185108181195,4932.7097344860695,1.431262e-07,0.000706,0.118802,2732.293429
simulation_430,5.8063963660154325,0.08009939264197423,-2.5404729061015434,7.793874159815314,-1.413597809007492,347.3931268465018,7.685817e-07,0.000267,0.09911,2346.044376
simulation_431,0.6232406520590352,0.10355473105195116,-2.448963080006928,6.675999120104567,-1.9867994990799824,281.05311422700487,3.53314e-06,0.000993,0.129168,2855.182395
simulation_432,7.567448667086352,0.08058602090330373,-2.7278793432340414,6.260285952464702,-1.7624741569180509,744.6897170985599,3.71967e-07,0.000277,0.099669,2362.113035
simulation_433,9.50549131552031,0.0898429264037249,-2.2876624300022943,1.905579470429045,-1.320167941231039,1616.34655405437,3.421296e-07,0.000553,0.112802,2642.1967
simulation_434,9.872417741039929,0.0897413927183896,-2.88826970387149,1.0273509493923283,-1.3439630438844914,16181.191549874684,3.386648e-08,0.000548,0.112638,2637.75054
simulation_435,10.569106901991336,0.08586544345764573,-2.509187286462192,10.906405010915506,-1.3150791770494927,322.97127284471685,1.272559e-06,0.000411,0.107212,2517.127784
simulation_436,8.275133327598335,0.09118532169055646,-2.9363452924433164,5.415657278898865,-0.9283474691469312,1279.1337714670037,4.667221e-07,0.000597,0.114442,2671.993112
simulation_437,6.275272187218287,0.07808806890339635,-3.2286740355191763,0.19398080118459365,-0.6574385467235229,16605.903523872865,1.198369e-08,0.000199,0.095142,2223.184236
simulation_438,6.3038212990680105,0.1007492524639764,-2.8569303595852253,6.804795637841988,-0.8737574225893738,719.2546813975611,1.241563e-06,0.000893,0.124798,2820.868842
simulation_439,8.984241566658428,0.10350124458955663,-3.1113696074942014,10.76620768965778,-1.4518052710850209,1292.9735029100505,7.556226e-07,0.000977,0.127453,2852.630226
simulation_440,8.089710971382456,0.08464858439324219,-2.9957264600026936,10.2045090660901,-1.0660823337007248,989.9022179265835,3.848865e-07,0.000381,0.105282,2491.291234
simulation_441,5.796343479729707,0.09474935274319117,-3.0400979910107235,8.513393199214915,-1.4516714496329828,1096.546328849746,6.447516e-07,0.000707,0.118421,2737.283637
simulation_442,11.100803066234038,0.10574896262079887,-2.7187649671073886,9.977271424172743,-1.4993136830221736,614.0407113696931,1.700213e-06,0.001044,0.130324,2871.8912
simulation_443,7.718851235323722,0.08626712094276717,-2.97920459903115,8.4282149285452,-0.9848144832499044,953.0013697188667,4.533047e-07,0.000432,0.107732,2541.661768
simulation_444,7.087886892730444,0.09611907414731223,-3.3122442862048067,6.658550078154597,-0.29562526357522523,2089.9953679675423,3.58374e-07,0.000749,0.119869,2758.350858
simulation_445,9.598676905694703,0.09276043064224772,-3.450687243125884,5.7560889659021806,-0.7069753044425968,4047.5344447058,1.598504e-07,0.000647,0.116253,2704.310036
simulation_446,9.965926568861608,0.10387721753548483,-2.883094545424402,8.780830942460515,-1.6153822952845869,936.3625550136792,1.050875e-06,0.000984,0.128265,2852.249888
simulation_447,5.041987909744644,0.07523189173476508,-3.0106295804930334,10.888163652528897,-1.5291996754583257,1022.6804377379847,1.300504e-07,0.000133,0.091196,2050.64605
simulation_448,7.466969583898773,0.08271014724999827,-2.8551367340038363,5.455013584830782,-1.6422792743279142,1198.708474099099,2.727936e-07,0.000327,0.102442,2429.39154
simulation_449,3.3349366702159826,0.08236860869743659,-3.095804468975069,7.388802581446752,-1.3529816337603746,1248.5245157832012,2.538997e-07,0.000317,0.101897,2416.453811
simulation_450,6.790097015958179,0.10036685593785746,-2.644798056874363,6.694495286667568,-0.9807203950515836,447.6341695776437,1.968125e-06,0.000881,0.124397,2815.933156
simulation_451,7.895120437157598,0.10108051937856563,-3.125849187027995,1.0540635681379475,-0.927778384633396,8653.881131667269,1.044618e-07,0.000904,0.125137,2826.044718
simulation_452,10.419787792229913,0.1055066727225116,-2.4926093034948065,8.887713836475191,-1.1090613849948436,370.4408245812517,2.796668e-06,0.001036,0.130058,2869.344506
simulation_453,5.2747176476972415,0.0742070968679037,-2.6851504579134717,0.21169404930054966,-1.4375352260370642,49367.12238598864,2.24846e-09,0.000111,0.090453,1965.083128
simulation_454,9.652175358711778,0.10470849116153666,-2.615178813226544,9.509947482979092,-0.6903368414868514,416.3080646703665,2.426088e-06,0.00101,0.129179,2860.952233
simulation_455,6.626105984260852,0.0722791509242448,-3.329414513301462,2.3933007479356907,-1.3058273586632358,8062.977865430705,9.875819e-09,7.962851e-05,0.091007,1808.239054
simulation_456,5.13522457514301,0.08530210182673995,-2.570383370984284,1.195345205219031,-1.2645133722203936,2346.067199575831,1.704981e-07,0.0004,0.10627,2510.70628
simulation_457,8.995048278197244,0.07466707052397556,-3.1699794944940622,8.403388940746943,-1.0052772909615055,1587.1443927565876,7.623755e-08,0.000121,0.090655,2006.668342
simulation_458,10.502966714918132,0.0733368138346265,-3.080977203825639,6.046249740069042,-0.7514875098538858,1824.4944289804314,5.283234e-08,9.639231e-05,0.091,1896.129927
simulation_459,8.37808296741661,0.07050186390709165,-3.0471893339952785,4.523715818193623,-1.3094136754238908,2495.2495020971573,2.17914e-08,5.437498e-05,0.090211,1654.07855
simulation_460,4.273430856105948,0.08364218677015406,-3.0766180848964906,4.760311556339596,-0.8817672399135931,1193.6177158713751,2.94064e-07,0.000351,0.103781,2457.789417
simulation_461,5.8387795035137895,0.0849390348486637,-3.1991693122060374,9.845339950295298,-1.104734208642188,1582.196747995918,2.458607e-07,0.000389,0.10572,2499.826929
simulation_462,7.20467600397248,0.10180173286507596,-3.084071470146436,5.555187613375561,-0.8915546063424751,1528.470868171453,6.0518e-07,0.000925,0.125849,2834.602609
simulation_463,8.0010836737893,0.08890830286936742,-3.0306103037063683,3.4922818443507824,-0.957283714261974,2374.526516228433,2.198333e-07,0.000522,0.11157,2617.371256
simulation_464,6.169381520190276,0.109556139285951,-2.9932808476126986,3.969126609235452,-1.1889256695735382,1660.1155190887766,7.053726e-07,0.001171,0.134309,2910.915627
simulation_465,6.892639113045303,0.07836448074036502,-2.9257399559085067,0.1309893625812953,-1.198046421074034,97202.98413161283,2.139852e-09,0.000208,0.095651,2240.839554
simulation_466,4.871277328497318,0.10918800320383346,-2.724483149777308,6.7874616285941025,-1.170772602051314,530.2338808441543,2.18017e-06,0.001156,0.133764,2906.857348
simulation_467,7.0249194384284745,0.08650140109634594,-3.3468498394554698,10.51458035642885,-1.316272181686682,2224.704228100947,1.977791e-07,0.00044,0.108085,2548.788039
simulation_468,6.1994552484707235,0.10392650986977793,-2.7898542312702728,11.72989840592842,-1.2190874006543826,616.2168783427891,1.600086e-06,0.000986,0.127851,2855.84952
simulation_469,5.574598171975393,0.09143643413036813,-2.360898385810544,4.98353228126081,-1.090700431381262,259.2103354542232,2.330154e-06,0.000604,0.114738,2676.869337
simulation_470,9.971530923185515,0.08714008623550304,-3.2197933574049618,0.9323292777590878,-1.2955201673754118,35754.4869112474,1.264177e-08,0.000452,0.108996,2556.175585
simulation_471,11.19150565261694,0.1002868212065192,-2.981901405774507,1.0600430834360504,-1.3035007334405908,20708.713915831682,4.24459e-08,0.000879,0.124316,2814.958086
simulation_472,5.424705679023504,0.09710059351630644,-3.4734689379490336,10.73411990475364,-1.2176562559696609,2974.6394779010675,2.615443e-07,0.000778,0.1209,2771.40739
simulation_473,10.347610827928676,0.09893225632708344,-2.8621337886445324,7.474878641522027,-1.1296906499362742,1050.9455664577633,7.907165e-07,0.000831,0.122826,2793.788998
simulation_474,8.579561207113848,0.09205049537717352,-2.3718540358477007,11.258231668168184,-1.054629506163021,235.40028594543534,2.655052e-06,0.000625,0.11545,2690.259799
simulation_475,10.530265510016264,0.07101683198492638,-2.8259604020253866,8.790774932507766,-0.6240042710731349,749.7372689439543,8.300313e-08,6.223054e-05,0.090508,1707.408931
simulation_476,8.147886826505276,0.0776921469003276,-3.332395223377436,6.652202378988056,-1.239522589601399,2762.0758175120013,6.806475e-08,0.000188,0.094447,2197.930424
simulation_477,6.146368007046775,0.10440525276747664,-2.9470240360319893,11.717459761771849,-1.1963700011399077,885.3749341502393,1.129465e-06,0.001,0.128303,2860.471844
simulation_478,3.2815550094483417,0.07319770571577294,-3.1614504630957745,4.1338453647417595,-1.5224615457645536,1450.2755958208231,6.469982e-08,9.383257e-05,0.091112,1883.762232
simulation_479,9.272670556864163,0.08794454383044513,-2.836239856025046,7.301941213252263,-1.1638325655734398,906.1589903202206,5.396404e-07,0.000489,0.110216,2592.051723
simulation_480,5.275450344453396,0.09166563999402506,-2.6948469297553355,2.7703295198450903,-0.8003248955487074,828.09629065719,7.378369e-07,0.000611,0.115006,2681.096923
simulation_481,6.452649518591808,0.0706106922844465,-3.1907825975781914,8.467943518060093,-1.2464027510778584,1551.609838818966,3.575917e-08,5.548428e-05,0.090271,1661.741259
simulation_482,4.537452329028604,0.1023581197325155,-3.3553253808591585,3.6477481222674264,-0.8783315000493745,2741.7573731397615,3.428458e-07,0.00094,0.126381,2839.797734
simulation_483,11.335618837904622,0.07217358206022416,-2.9121389055529767,3.882047544261406,-0.8053729949732421,1935.5560597539102,4.059249e-08,7.856904e-05,0.091,1803.439256
simulation_484,7.8592482924766065,0.09813236728616184,-3.1212184713489415,5.4063706344913385,-1.2926056529393992,2141.8859279152257,3.781714e-07,0.00081,0.121988,2786.60301
simulation_485,3.1151723168282683,0.10291327530752208,-2.534582866270902,10.009313525059396,-0.6333441487033389,342.30703471423453,2.789893e-06,0.000955,0.126904,2844.600724
simulation_486,10.302360457595746,0.09109791554410017,-2.960831798534305,5.862868942850173,-1.3280843341398625,1930.2475723678147,3.03588e-07,0.000586,0.114208,2663.736126
simulation_487,5.151603434122444,0.10473709105352914,-2.8456885326424857,10.04298536254604,-1.3727282125664777,700.7319141370754,1.439923e-06,0.001009,0.12862,2863.70182
simulation_488,9.35274667501373,0.10403282375167404,-3.019247447142896,5.3025312696630795,-1.3289203865030723,2221.3991500461075,4.465654e-07,0.000992,0.127951,2857.879457
simulation_489,9.176672553704755,0.10677599221074144,-2.449911607847881,2.7542969902676577,-1.2334750506332381,1242.2075232815414,8.629798e-07,0.001072,0.130713,2883.698302
simulation_490,5.846123879048296,0.09394637613963752,-2.70986849047996,11.937722188788998,-0.9523306406013629,512.958780795364,1.331491e-06,0.000683,0.117558,2724.266237
simulation_491,5.621269505164079,0.08639392371384516,-3.16773471461796,8.394469745399117,-0.8420867403561048,1470.8726636793863,2.957428e-07,0.000435,0.107923,2545.05293
simulation_492,10.475501184850126,0.07830227467346049,-2.8121717648155062,0.8453923790976952,-1.6901737774859094,45612.97478611243,4.560106e-09,0.000208,0.096284,2235.524583
simulation_493,5.250248708067367,0.09934388148945307,-3.025401490388335,1.2810334885472852,-1.017096252811616,4452.796939332217,1.904421e-07,0.000848,0.123284,2802.034841
simulation_494,4.847889239107137,0.07629182006440975,-2.800850726549685,9.082088985785187,-1.7502872932511333,632.6833538955424,2.434077e-07,0.000154,0.09235,2112.285859
simulation_495,5.922285887213452,0.09773320195230893,-2.748485190369645,0.678103155405999,-1.1480346734367497,6741.50270379089,1.182229e-07,0.000797,0.121566,2780.366004
simulation_496,6.143750563107001,0.10920985188107817,-3.28085474455899,6.661846126278924,-1.2340117119738314,1909.3855458689031,6.059541e-07,0.001157,0.133796,2907.093149
simulation_497,6.288162844857237,0.08547394347962631,-2.993289766606174,9.864089558332651,-1.1110442053834104,984.8698758869893,4.122372e-07,0.000406,0.10653,2517.289113
simulation_498,6.096319814521265,0.10000389014374808,-3.1510265826788846,9.321038560777609,-1.0953299522903377,1415.7304761969929,6.138174e-07,0.000869,0.124004,2811.055826
simulation_499,7.0461621701537975,0.10052119702320107,-2.6182981277716277,1.5244244506141933,-1.2722362152610254,2909.3803545240867,3.045322e-07,0.000886,0.12456,2818.708025
